{"cameraMode":{"drawMode":0,"name":"Shaded","section":"Shading Mode"},"sceneLighting":true,"audioPlay":false,"sceneViewState":{"m_AlwaysRefresh":false,"showFog":true,"showSkybox":true,"showFlares":true,"showImageEffects":true,"showParticleSystems":true,"showVisualEffectGraphs":true,"m_FxEnabled":true},"in2DMode":false,"pivot":{"x":6.052767276763916,"y":1.8934054374694825,"z":2.4980382919311525},"rotation":{"x":-0.22776532173156739,"y":0.015186472795903683,"z":-0.003552845446392894,"w":-0.9735940098762512},"size":2.3976240158081056,"orthographic":false}